school_name,store_page
Abbey Lane,https://pindersschoolwear.com/schools/1/AbbeyLane
Abbey School,https://pindersschoolwear.com/schools/288/AbbeySchool
Acres Hill,https://pindersschoolwear.com/schools/2/AcresHill
Al-Mahad Al-Islami Girls School,https://pindersschoolwear.com/schools/351/AlMahadAlIslamiGirlsSchool
All Saints Catholic High School,https://pindersschoolwear.com/schools/215/AllSaintsCatholicHigh
Angram Bank,https://pindersschoolwear.com/schools/3/AngramBank
Anns Grove,https://pindersschoolwear.com/schools/4/AnnsGrove
Anston Brook Primary,https://pindersschoolwear.com/schools/314/AnstonBrookPrimary
Anston Hillcrest,https://pindersschoolwear.com/schools/6/AnstonHillcrest
Anston Park Junior School,https://pindersschoolwear.com/schools/7/AnstonPark
Arnold Nursery School and Children's Centre,https://pindersschoolwear.com/schools/378/ArnoldNurserySchoolandChildrensCentre
Ashgate Croft,https://pindersschoolwear.com/schools/8/AshgateCroft
Aston Academy,https://pindersschoolwear.com/schools/216/AstonAcademy
Aston All Saints,https://pindersschoolwear.com/schools/296/AstonAllSaints
Aston Fence Junior and Infant,https://pindersschoolwear.com/schools/10/AstonFenceJuniorandInfant
Aston Hall,https://pindersschoolwear.com/schools/269/AstonHall
Aston Lodge,https://pindersschoolwear.com/schools/11/AstonLodge
Athelstan Primary,https://pindersschoolwear.com/schools/12/AthelstanPrimary
Aughton Junior Academy,https://pindersschoolwear.com/schools/13/AughtonJuniorAcademy
Badsley Primary,https://pindersschoolwear.com/schools/14/BadsleyPrimary
Barlborough Primary,https://pindersschoolwear.com/schools/16/BarlboroughPrimary
Barlow C of E,https://pindersschoolwear.com/schools/17/BarlowCofE
Beighton N and I,https://pindersschoolwear.com/schools/19/BeightonNandI
Bents Green,https://pindersschoolwear.com/schools/20/BentsGreen
Birk Hill Infants,https://pindersschoolwear.com/schools/22/BirkHillInfants
Birley Academy,https://pindersschoolwear.com/schools/248/BirleyAcademy
Birley Primary Academy,https://pindersschoolwear.com/schools/274/BirleyPrimaryAcademy
Birley Spa Primary Academy,https://pindersschoolwear.com/schools/23/BirleySpaAcademy
Blackburn Primary,https://pindersschoolwear.com/schools/24/BlackburnPrimary
Bolsover CofE,https://pindersschoolwear.com/schools/25/BolsoverCofE
Bolsover Infant & Nursery,https://pindersschoolwear.com/schools/311/BolsoverInfantNursery
Bradfield School,https://pindersschoolwear.com/schools/252/BradfieldSchool
Bradway Primary,https://pindersschoolwear.com/schools/26/BradwayPrimary
Bramley Sunnyside Infants,https://pindersschoolwear.com/schools/27/BramleySunnysideInfants
Bramley Sunnyside Junior,https://pindersschoolwear.com/schools/28/BramleySunnysideJunior
Brinsworth Howarth Primary,https://pindersschoolwear.com/schools/31/BrinsworthHowarthPrimary
Brinsworth Manor Infant,https://pindersschoolwear.com/schools/342/BrinsworthManorInfant
Brinsworth Manor Junior,https://pindersschoolwear.com/schools/32/BrinsworthManor
Brinsworth Whitehill,https://pindersschoolwear.com/schools/33/BrinsworthWhitehill
Brook House Junior,https://pindersschoolwear.com/schools/35/BrookHouseJunior
Brookfield Junior Academy,https://pindersschoolwear.com/schools/280/BrookfieldJuniorAcademy
Broom Valley Community School,https://pindersschoolwear.com/schools/259/BroomValleyCommunitySchool
Brunswick Primary,https://pindersschoolwear.com/schools/36/BrunswickPrimary
Canklow Woods Primary,https://pindersschoolwear.com/schools/38/CanklowWoodsPrimary
Castle View Primary School,https://pindersschoolwear.com/schools/39/CastleViewPrimary
Catcliffe Primary,https://pindersschoolwear.com/schools/40/CatcliffePrimary
Charnock Hall,https://pindersschoolwear.com/schools/41/CharnockHall
Chaucer School,https://pindersschoolwear.com/schools/358/ChaucerSchool
Chesterfield College,https://pindersschoolwear.com/schools/381/chesterfieldcollege
City Road Community Childcare,https://pindersschoolwear.com/schools/366/CityRoadCommunityChildcare
Clifton Comprehensive,https://pindersschoolwear.com/schools/218/CliftonComp
Clowne Junior,https://pindersschoolwear.com/schools/44/ClowneJunior
Coleridge Primary,https://pindersschoolwear.com/schools/45/ColeridgePrimary
Creswell CofE Infants And Nursery,https://pindersschoolwear.com/schools/46/CreswellCofEInfantsAndNursery
Dinnington Community Primary,https://pindersschoolwear.com/schools/50/DinningtonCommunityPrimary
Discovery Academy - Staff,https://pindersschoolwear.com/schools/337/DiscoveryAcademystaff
Discovery Academy Lower,https://pindersschoolwear.com/schools/346/discoveryacademylower
Discovery Academy Upper,https://pindersschoolwear.com/schools/338/DiscoveryAcademyUpper
Dobcroft Infants,https://pindersschoolwear.com/schools/52/DobcroftInfants
Dore Primary,https://pindersschoolwear.com/schools/53/DorePrimary
Dronfield Henry Fanshawe,https://pindersschoolwear.com/schools/304/DronfieldHenryFanshawe
Dronfield Junior,https://pindersschoolwear.com/schools/55/DronfieldJunior
East Dene Primary,https://pindersschoolwear.com/schools/57/EastDenePrimary
Eastwood Village,https://pindersschoolwear.com/schools/318/EastwoodVillage
Eckington Camms CofE,https://pindersschoolwear.com/schools/60/EckingtonCammsCofE
Eckington Comprehensive,https://pindersschoolwear.com/schools/219/EckingtonComp
Eckington Junior,https://pindersschoolwear.com/schools/61/EckingtonJunior
Element Academy Junior,https://pindersschoolwear.com/schools/349/ElementAcademyJunior
Elements Academy Senior,https://pindersschoolwear.com/schools/350/ElementsAcademySenior
Emmanuel Junior,https://pindersschoolwear.com/schools/62/EmmanuelJunior
Emmaus Primary,https://pindersschoolwear.com/schools/63/EmmausPrimary
Ferham Primary,https://pindersschoolwear.com/schools/64/FerhamPrimary
Foljambe Primary Campus,https://pindersschoolwear.com/schools/47/FoljambePrimaryCampus
Forge Valley,https://pindersschoolwear.com/schools/221/ForgeValley
Fountaindale,https://pindersschoolwear.com/schools/344/fountaindale
Fountaindale - Staff Uniform,https://pindersschoolwear.com/schools/345/fountaindalestaffuniform
Gainsborough Academy,https://pindersschoolwear.com/schools/222/GainsboroughAcademy
Gorseybrigg Primary,https://pindersschoolwear.com/schools/66/GorseybriggPrimary
Greasbrough Primary,https://pindersschoolwear.com/schools/69/GreasbroughPrimary
Greenhill Primary School,https://pindersschoolwear.com/schools/70/GreenhillPrimarySchool
Grenoside Primary,https://pindersschoolwear.com/schools/71/GrenosidePrimary
Halfway Infant & Nursery,https://pindersschoolwear.com/schools/285/HalfwayInfantNursery
Halfway Junior,https://pindersschoolwear.com/schools/72/HalfwayJunior
HALLAM DIOCESE,https://pindersschoolwear.com/schools/363/HALLAMDIOCESE
Handsworth Grange,https://pindersschoolwear.com/schools/223/HandsworthGrange
Harthill Primary,https://pindersschoolwear.com/schools/73/HarthillPrimary
Hatfield Academy,https://pindersschoolwear.com/schools/78/HatfieldAcademy
Heritage Park School,https://pindersschoolwear.com/schools/368/heritageparkschool
Heritage Park School - Staff Uniform,https://pindersschoolwear.com/schools/369/heritageparkschoolstaffuniform
Herringthorpe Infants,https://pindersschoolwear.com/schools/80/HerringthorpeInfants
Herringthorpe Junior,https://pindersschoolwear.com/schools/81/HerringthorpeJunior
High Greave Infant,https://pindersschoolwear.com/schools/293/HighGreaveInfant
High Greave Junior,https://pindersschoolwear.com/schools/82/HighGreavePrimary
High Hazels Academy,https://pindersschoolwear.com/schools/85/HighHazelsAcademy
Highfield Farm Primary,https://pindersschoolwear.com/schools/356/HighfieldFarmPrimary
Hollingwood Primary,https://pindersschoolwear.com/schools/89/HollingwoodPrimary
Holmesdale Infant,https://pindersschoolwear.com/schools/90/HolmesdaleInfant
Holy Trinity Barnsley,https://pindersschoolwear.com/schools/380/holytrinitybarnsley
Holyfamily School (SALFORD),https://pindersschoolwear.com/schools/371/HolyfamilySchoolSalford
Inkersall Spencer Academy,https://pindersschoolwear.com/schools/383/InkersallSpencerAcademy
Intake Primary School,https://pindersschoolwear.com/schools/290/IntakePrimarySchool
Kelford School,https://pindersschoolwear.com/schools/332/KelfordSchool
Killamarsh Bears Pre School,https://pindersschoolwear.com/schools/292/KillamarshBearsPreSchool
Killamarsh Infant & Nursery,https://pindersschoolwear.com/schools/96/KillamarshInfantAndNursery
Killamarsh Junior,https://pindersschoolwear.com/schools/97/KillamarshJunior
Killamarsh Village Day Nursery & Pre School,https://pindersschoolwear.com/schools/341/KillamarshVillageDayNurseryPreSchool
Kilnhurst Primary,https://pindersschoolwear.com/schools/98/KilnhurstPrimary
Kimberworth Community Primary,https://pindersschoolwear.com/schools/287/KimberworthCommunityPrimary
King Ecgbert,https://pindersschoolwear.com/schools/224/KingEcgbert
King Edward VII School,https://pindersschoolwear.com/schools/382/kingedwardVIIschool
Kiveton Park Infants,https://pindersschoolwear.com/schools/101/KivetonParkInfants
Kiveton Park Meadows,https://pindersschoolwear.com/schools/286/KivetonParkMeadows
Lacewood Primary School,https://pindersschoolwear.com/schools/384/lacewoodprimaryschool
Langwith Bassett,https://pindersschoolwear.com/schools/282/LangwithBassett
Laughton J and I,https://pindersschoolwear.com/schools/102/LaughtonJandI
Listerdale Junior Academy,https://pindersschoolwear.com/schools/48/ListerdaleJuniorAcademy
Lowedges Junior Academy,https://pindersschoolwear.com/schools/105/LowedgesJuniorAcademy
Lower Meadow Primary Academy,https://pindersschoolwear.com/schools/334/LowerMeadowPrimaryAcademy
Loxley Primary School,https://pindersschoolwear.com/schools/376/LoxleyPrimarySchool
Lydgate Junior,https://pindersschoolwear.com/schools/107/LydgateJunior
Maltby Academy,https://pindersschoolwear.com/schools/225/MaltbyAcademy
Maltby Lilly Hall Academy,https://pindersschoolwear.com/schools/110/MaltbyLillyHallAcademy
Maltby Manor Academy,https://pindersschoolwear.com/schools/111/MaltbyManorAcademy
Maltby Redwood,https://pindersschoolwear.com/schools/310/MaltbyRedwood
Manor Lodge,https://pindersschoolwear.com/schools/112/ManorLodge
Marsh Lane,https://pindersschoolwear.com/schools/113/MarshLane
Meadowhead,https://pindersschoolwear.com/schools/114/Meadowhead
Meadowview Primary,https://pindersschoolwear.com/schools/115/MeadowviewPrimary
Milton school,https://pindersschoolwear.com/schools/367/miltonschool
Milton School Staff Uniform,https://pindersschoolwear.com/schools/385/MILTONSCHOOLSTAFFUNIFORM
Monkwood Primary,https://pindersschoolwear.com/schools/118/MonkwoodPrimary
Monteney Primary,https://pindersschoolwear.com/schools/119/MonteneyPrimary
Mosborough Primary School,https://pindersschoolwear.com/schools/294/MosboroughPrimarySchool
Mount St. Mary's Barlborough Hall School,https://pindersschoolwear.com/schools/375/mountstmarysBarlboroughHallSchool
Mundella Primary School,https://pindersschoolwear.com/schools/306/MundellaPrimarySchool
Nether Edge Primary and Nursery School,https://pindersschoolwear.com/schools/120/NetherEdgePrimary
New Whittington Primary,https://pindersschoolwear.com/schools/301/NewWhittingtonCommunityPrimary
Newbold C of E Primary School,https://pindersschoolwear.com/schools/250/NewboldCofEPrimarySchool
Newfield School,https://pindersschoolwear.com/schools/226/NewfieldSchool
Newman School,https://pindersschoolwear.com/schools/278/NewmanSchool
Norbriggs Primary,https://pindersschoolwear.com/schools/309/NorbriggsPrimary
Norfolk Comm primary,https://pindersschoolwear.com/schools/123/NorfolkCommprimary
Northfield Junior,https://pindersschoolwear.com/schools/125/NorthfieldJunior
Norton Free,https://pindersschoolwear.com/schools/127/NortonFree
Oakwood High,https://pindersschoolwear.com/schools/227/OakwoodHigh
Oasis Academy Don Valley Junior,https://pindersschoolwear.com/schools/128/OasisAcademyDonValleyJunior
Oasis Academy Don Valley Senior,https://pindersschoolwear.com/schools/251/OasisAcademyDonValleySenior
Oasis Academy Firvale,https://pindersschoolwear.com/schools/352/OasisacademyFirvale
Oasis Academy Watermead,https://pindersschoolwear.com/schools/281/OasisAcademyWatermead
Oughtibridge Primary School,https://pindersschoolwear.com/schools/374/Oughtibridgeprimaryschool
Our Lady and St Josephs,https://pindersschoolwear.com/schools/129/OurLadyandStJosephs
Peafield Lane Academy,https://pindersschoolwear.com/schools/131/PeafieldLaneAcademy
Pipworth Community Primary,https://pindersschoolwear.com/schools/297/PipworthCommunityPrimary
Prince Edward,https://pindersschoolwear.com/schools/134/PrinceEdward
Rainbow Forge Academy,https://pindersschoolwear.com/schools/135/RainbowForgeAcademy
Ravenfield Primary,https://pindersschoolwear.com/schools/136/RavenfieldPrimary
Rawmarsh Ashwood,https://pindersschoolwear.com/schools/291/RawmarshAshwood
Rawmarsh Community School,https://pindersschoolwear.com/schools/229/RawmarshCommunity
Rawmarsh Nursery School and Children's Centre,https://pindersschoolwear.com/schools/377/RawmarshNurserySchool
Rawmarsh Thorogate,https://pindersschoolwear.com/schools/321/RawmarshThorogate
Redscope Primary,https://pindersschoolwear.com/schools/138/RedscopePrimary
Reignhead Primary,https://pindersschoolwear.com/schools/289/ReignheadPrimary
Renishaw Primary,https://pindersschoolwear.com/schools/139/RenishawPrimary
Ridgeway Primary,https://pindersschoolwear.com/schools/140/RidgewayPrimary
Rockingham Primary,https://pindersschoolwear.com/schools/141/RockinghamPrimary
Rosehill and Ryecroft Primary,https://pindersschoolwear.com/schools/142/RosehillandRyecroftPrimary
Rotherham College - Course Hoodies,https://pindersschoolwear.com/schools/324/RotherhamCollegeCourseHoodies
Rotherham College Hair & Beauty,https://pindersschoolwear.com/schools/316/RotherhamCollegeHairBeauty
"Rotherham University, Media Makeup Higher Education (HE)",https://pindersschoolwear.com/schools/360/RotherhamUniversityMediaMakeupHigherEducation
Roughwood Primary,https://pindersschoolwear.com/schools/143/RoughwoodPrimary
Sandhill Primary,https://pindersschoolwear.com/schools/146/SandhillPrimary
Seven Hills,https://pindersschoolwear.com/schools/147/SevenHills
Sheffield Park Academy,https://pindersschoolwear.com/schools/228/ParkAcademy
Sheffield Springs Academy,https://pindersschoolwear.com/schools/231/SpringsAcademy
Shooters Grove Primary,https://pindersschoolwear.com/schools/149/ShootersGrovePrimary
Shortbrook Primary School,https://pindersschoolwear.com/schools/302/ShortbrookPrimarySchool
Silverdale School,https://pindersschoolwear.com/schools/303/SilverdaleSchool
Sir Thomas Wharton,https://pindersschoolwear.com/schools/230/SirThomasWharton
Sir Thomas Wharton - Hilltop Centre,https://pindersschoolwear.com/schools/257/Sir%20Thomas%20WhartonHilltopCentre
Southey Green Primary School,https://pindersschoolwear.com/schools/300/SoutheyGreenPrimarySchool
Springwell Community College,https://pindersschoolwear.com/schools/232/Springwell
Springwood Junior Academy,https://pindersschoolwear.com/schools/151/SpringwoodJuniorAcademy
St Andrews - Dronfield,https://pindersschoolwear.com/schools/157/StAndrewsDronfield
St Ann's Stocksbridge,https://pindersschoolwear.com/schools/158/StAnnsStocksbridge
St Bedes Primary,https://pindersschoolwear.com/schools/159/StBedesPrimary
St Bernards Catholic High School,https://pindersschoolwear.com/schools/233/StBernardsCatholic
St Charles RC Primary (SWINTON-MANCHESTER),https://pindersschoolwear.com/schools/357/StCharlesRCPrimary
St Gerards Catholic Primary School,https://pindersschoolwear.com/schools/160/StGerardsCatholicPrimarySchool
St Giles C of E,https://pindersschoolwear.com/schools/171/St.GilesCofE
St Joseph’s Staveley,https://pindersschoolwear.com/schools/275/StJosephsStaveley
St Josephs Catholic School Rawmarsh,https://pindersschoolwear.com/schools/162/StJosephsCatholicSchoolRawmarsh
St Josephs Dinnington,https://pindersschoolwear.com/schools/163/StJosephsDinnington
St Lukes C of E Shireoaks,https://pindersschoolwear.com/schools/165/StLukesShireoaks
St Mary's Catholic Primary School Herringthorpe,https://pindersschoolwear.com/schools/145/SaintMarysHerringthorpe
St Mary's Maltby,https://pindersschoolwear.com/schools/256/StMarysMaltby
St Pius Catholic High School,https://pindersschoolwear.com/schools/234/StPiusCatholic
St Theresas Catholic Primary,https://pindersschoolwear.com/schools/172/St.TheresasCatholicPrimary
St Thomas More Catholic Primary,https://pindersschoolwear.com/schools/313/StThomasMoreCatholicPrimary
St Thomas of Canterbury Primary,https://pindersschoolwear.com/schools/170/StThomasofCanterbury
St. Alban's C of E Wickersley,https://pindersschoolwear.com/schools/336/StAlbansCofEWickersley
Stocksbridge High School,https://pindersschoolwear.com/schools/235/StocksbridgeHigh
Stocksbridge Junior,https://pindersschoolwear.com/schools/175/StocksbridgeJunior
Stocksbridge N and I,https://pindersschoolwear.com/schools/176/StocksbridgeNandI
Stonelow School,https://pindersschoolwear.com/schools/177/StonelowSchool
Stradbroke Primary,https://pindersschoolwear.com/schools/178/StradbrokePrimary
Sunflower Children's Centre,https://pindersschoolwear.com/schools/323/SunflowerChildrensCentre
Swallownest Primary School,https://pindersschoolwear.com/schools/254/SwallownestPrimarySchool
Swinton Academy,https://pindersschoolwear.com/schools/247/SwintonAcademy
Swinton Fitzwilliam Primary,https://pindersschoolwear.com/schools/179/SwintonFitzwilliamPrimary
Swinton Queen Primary,https://pindersschoolwear.com/schools/180/SwintonQueenPrimary
Talbot Specialist School,https://pindersschoolwear.com/schools/253/TalbotSpecialistSchool
Tapton,https://pindersschoolwear.com/schools/236/Tapton
Temple Normanton,https://pindersschoolwear.com/schools/283/TempleNormanton
The Grange Trust,https://pindersschoolwear.com/schools/333/TheGrangeTrust
The Nest @ NCS,https://pindersschoolwear.com/schools/284/TheNest@NCS
The Willows,https://pindersschoolwear.com/schools/181/TheWillows
Thornhill Primary,https://pindersschoolwear.com/schools/182/ThornhillPrimary
Thorpe Hesley Primary School,https://pindersschoolwear.com/schools/184/ThorpeHesleyPrimarySchool
Thrybergh Fullerton,https://pindersschoolwear.com/schools/65/FullertonCofEAcademyThrybergh
Thrybergh Primary,https://pindersschoolwear.com/schools/185/ThryberghPrimary
Thrybergh Primary Foundation Unit,https://pindersschoolwear.com/schools/186/ThryberghPrimaryFoundationUnit
Thrybergh School & Sports College,https://pindersschoolwear.com/schools/237/ThryberghSchool&Sports
Thurcroft Infants,https://pindersschoolwear.com/schools/187/ThurcroftInfants
Thurcroft Junior Academy,https://pindersschoolwear.com/schools/188/ThurcroftJuniorAcademy
Tinsley Meadows,https://pindersschoolwear.com/schools/273/TinsleyMeadows
Todwick Primary,https://pindersschoolwear.com/schools/190/TodwickPrimary
Totley All Saints,https://pindersschoolwear.com/schools/191/TotleyAllSaints
Totley Primary,https://pindersschoolwear.com/schools/192/TotleyPrimary
Treeton Cof E,https://pindersschoolwear.com/schools/193/TreetonCofE
Trinity Croft C of E,https://pindersschoolwear.com/schools/245/TrinityCroftCofE
Trinity Croft Staff Uniform,https://pindersschoolwear.com/schools/361/TrinityCroftStaffUniform
Unstone Infants,https://pindersschoolwear.com/schools/194/UnstoneInfants
Unstone Junior,https://pindersschoolwear.com/schools/195/UnstoneJunior
Wales High School,https://pindersschoolwear.com/schools/238/WalesHigh
Wales Primary,https://pindersschoolwear.com/schools/197/WalesPrimary
Waterthorpe Nursery & Infant,https://pindersschoolwear.com/schools/249/WaterthorpeNurseryInfant
Wath Academy,https://pindersschoolwear.com/schools/255/WathAcademy
Wath Academy KS4 GCSE Students,https://pindersschoolwear.com/schools/353/WathAcademyKS4GCSEStudents
Wath Academy KS5 6th Form,https://pindersschoolwear.com/schools/354/WathAcademyKS56thForm
Wath Academy Staff,https://pindersschoolwear.com/schools/355/WathAcademyStaff
Wath C of E Primary,https://pindersschoolwear.com/schools/199/WathCofEPrimary
Wath Central Primary,https://pindersschoolwear.com/schools/200/WathCentralPrimary
Wath Victoria Primary,https://pindersschoolwear.com/schools/201/WathVictoriaPrimary
Waverley Junior Academy,https://pindersschoolwear.com/schools/279/WaverleyJuniorAcademy
Wentworth C of E,https://pindersschoolwear.com/schools/202/WentworthCofE
Westfield School,https://pindersschoolwear.com/schools/244/Westfield%20School
Westways Primary School,https://pindersschoolwear.com/schools/258/WestwaysPrimarySchool
Wharncliffe Side Primary School,https://pindersschoolwear.com/schools/243/WharncliffeSidePrimarySchool
Whiston J and I,https://pindersschoolwear.com/schools/204/WhistonJandI
Whiston Worrygoose Primary,https://pindersschoolwear.com/schools/205/WhistonWorrygoosePrimary
Whittington Green,https://pindersschoolwear.com/schools/239/WhittingtonGreen
Wickersley 6th Form,https://pindersschoolwear.com/schools/319/Wickersley6thForm
Wickersley Northfield,https://pindersschoolwear.com/schools/207/WickersleyNorthfield
Wickersley School & Sports College,https://pindersschoolwear.com/schools/240/WickersleySchool
William Levick Primary School,https://pindersschoolwear.com/schools/208/WilliamLevickPrimary
Wingfield,https://pindersschoolwear.com/schools/241/Wingfield
Winterhill,https://pindersschoolwear.com/schools/242/Winterhill
Wisewood Primary,https://pindersschoolwear.com/schools/210/WisewoodPrimary
Woodhouse West,https://pindersschoolwear.com/schools/211/WoodhouseWest
Woodlands Primary School,https://pindersschoolwear.com/schools/328/WoodlandsPrimarySchool
Woodseats Primary,https://pindersschoolwear.com/schools/212/WoodseatsPrimary
Woodthorpe Community Primary,https://pindersschoolwear.com/schools/214/WoodthorpeCommPrimary
Wybourn Community Primary,https://pindersschoolwear.com/schools/298/WybournCommunityPrimary
