school_name,store_page
Lochies Primary,https://scotcrestschools.co.uk/index.php?route=product/category&path=1_4_545
Alloa Academy,https://scotcrestschools.co.uk/Find-Your-School/Clackmannanshire/Alloa-Acad
Abercromby Primary School,https://scotcrestschools.co.uk/Find-Your-School/Clackmannanshire/Abercrombie-PS
Alva Academy,https://scotcrestschools.co.uk/Find-Your-School/Clackmannanshire/Alva-Academy
Alva Primary School,https://scotcrestschools.co.uk/Find-Your-School/Clackmannanshire/Alva-ps
Banchory Primary,https://scotcrestschools.co.uk/Find-Your-School/Clackmannanshire/banchory-primary
Clackmannan Primary School,https://scotcrestschools.co.uk/Find-Your-School/Clackmannanshire/Clackmannan-PS
Coalsnaughton Primary School,https://scotcrestschools.co.uk/Find-Your-School/Clackmannanshire/Coalsnaughton-PS
Craigbank Primary School,https://scotcrestschools.co.uk/Find-Your-School/Clackmannanshire/Craigbank-PS
CSSS School,https://scotcrestschools.co.uk/Find-Your-School/Clackmannanshire/CSSS
Deerpark Primary School,https://scotcrestschools.co.uk/Find-Your-School/Clackmannanshire/Deerpark-PS
Fishcross Primary School,https://scotcrestschools.co.uk/Find-Your-School/Clackmannanshire/FISHCROSS-PS
Lornshill Academy,https://scotcrestschools.co.uk/Find-Your-School/Clackmannanshire/Lornshill-academy
Menstrie Primary School,https://scotcrestschools.co.uk/Find-Your-School/Clackmannanshire/Menstrie-PS
Park Primary School,https://scotcrestschools.co.uk/Find-Your-School/Clackmannanshire/park-ps
Redwell Primary,https://scotcrestschools.co.uk/Find-Your-School/Clackmannanshire/Redwell%20Primary
St Bernadette's,https://scotcrestschools.co.uk/Find-Your-School/Clackmannanshire/St-Bernadettes
St Serfs - Clackmannanshire,https://scotcrestschools.co.uk/Find-Your-School/Clackmannanshire/St-Serfs-Clackmannanshire
St. Mungo's Primary School,https://scotcrestschools.co.uk/Find-Your-School/Clackmannanshire/st-mungos
Strathdevon Primary School,https://scotcrestschools.co.uk/Find-Your-School/Clackmannanshire/strathdevon-ps
Sunnyside Primary School,https://scotcrestschools.co.uk/Find-Your-School/Clackmannanshire/sunnyside-ps
Tillicoultry Primary School,https://scotcrestschools.co.uk/Find-Your-School/Clackmannanshire/Tillicoultry-ps
Aitkenhead Primary,https://scotcrestschools.co.uk/Find-Your-School/North-Lanarkshire/Aitkenhead%20Primary
Craighalbert Centre,https://scotcrestschools.co.uk/Find-Your-School/North-Lanarkshire/Craighalbert-Centre
Airdrie Academy,https://scotcrestschools.co.uk/Find-Your-School/North-Lanarkshire/Airdrie-Academy
All Saints,https://scotcrestschools.co.uk/Find-Your-School/North-Lanarkshire/All-Saints
Auchinloch Primary,https://scotcrestschools.co.uk/Find-Your-School/North-Lanarkshire/Auchinloch-Primary
Bargeddie,https://scotcrestschools.co.uk/Find-Your-School/North-Lanarkshire/Bargeddie
Bellshill Academy,https://scotcrestschools.co.uk/Find-Your-School/North-Lanarkshire/Bellshill-Academy
Braidhurst High,https://scotcrestschools.co.uk/Find-Your-School/North-Lanarkshire/braidhurst%20high
Buchanan High,https://scotcrestschools.co.uk/Find-Your-School/North-Lanarkshire/Buchanan-High
Carnbroe,https://scotcrestschools.co.uk/Find-Your-School/North-Lanarkshire/CARNBROE
Calderbank,https://scotcrestschools.co.uk/Find-Your-School/North-Lanarkshire/Calderbank
Caldervale High,https://scotcrestschools.co.uk/Find-Your-School/North-Lanarkshire/Caldervale-High
Carbrain Primary,https://scotcrestschools.co.uk/Find-Your-School/North-Lanarkshire/carbrain%20primary
Cardinal Newman,https://scotcrestschools.co.uk/Find-Your-School/North-Lanarkshire/Cardinal%20Newman
Chapelhall,https://scotcrestschools.co.uk/Find-Your-School/North-Lanarkshire/Chapelhall
Chapelside,https://scotcrestschools.co.uk/Find-Your-School/North-Lanarkshire/Chapelside
Christ the King,https://scotcrestschools.co.uk/Find-Your-School/North-Lanarkshire/Christ%20the%20King
Chryston High School,https://scotcrestschools.co.uk/Find-Your-School/North-Lanarkshire/Chryston%20High
Chryston Primary,https://scotcrestschools.co.uk/Find-Your-School/North-Lanarkshire/Chryston
Clarkston PS,https://scotcrestschools.co.uk/Find-Your-School/North-Lanarkshire/Clarkston-PS
Coatbridge High,https://scotcrestschools.co.uk/Find-Your-School/North-Lanarkshire/Coatbridge-High
Condorrat,https://scotcrestschools.co.uk/Find-Your-School/North-Lanarkshire/CONDORRAT
Corpus Christi PS,https://scotcrestschools.co.uk/Find-Your-School/North-Lanarkshire/Corpus-Christi-PS
Cumbernauld,https://scotcrestschools.co.uk/Find-Your-School/North-Lanarkshire/Cumbernauld
Cumbernauld Academy,https://scotcrestschools.co.uk/Find-Your-School/North-Lanarkshire/Cumbernauld-academy
Drumpark,https://scotcrestschools.co.uk/Find-Your-School/North-Lanarkshire/Drumpark
Eastfield Primary,https://scotcrestschools.co.uk/index.php?route=product/category&path=1_2_412
Gartcosh,https://scotcrestschools.co.uk/Find-Your-School/North-Lanarkshire/Gartcosh
Glenboig,https://scotcrestschools.co.uk/Find-Your-School/North-Lanarkshire/Glenboig
Glencryan Life Skills Unit,https://scotcrestschools.co.uk/Find-Your-School/North-Lanarkshire/Glencryan%20Life%20Skills%20Unit
Glencryan Primary,https://scotcrestschools.co.uk/Find-Your-School/North-Lanarkshire/glencryan%20Primary
Glencryan Secondary,https://scotcrestschools.co.uk/Find-Your-School/North-Lanarkshire/glencryan%20secondary
Glengowan Primary,https://scotcrestschools.co.uk/index.php?route=product/category&path=1_2_388
Golfhill,https://scotcrestschools.co.uk/Find-Your-School/North-Lanarkshire/Golfhill
Greenfaulds High,https://scotcrestschools.co.uk/Find-Your-School/North-Lanarkshire/greenfaulds%20high%20school
Greengairs Primary,https://scotcrestschools.co.uk/index.php?route=product/category&path=1_2_547
Greenhill,https://scotcrestschools.co.uk/Find-Your-School/North-Lanarkshire/Greenhill
Hilltop Primary,https://scotcrestschools.co.uk/Find-Your-School/North-Lanarkshire/hilltop
Holy Family,https://scotcrestschools.co.uk/index.php?route=product/category&path=1_2_427
Kildrum,https://scotcrestschools.co.uk/index.php?route=product/category&path=1_2_423
Kirk O'Shotts,https://scotcrestschools.co.uk/index.php?route=product/category&path=1_2_411
Kirkshaws,https://scotcrestschools.co.uk/Find-Your-School/North-Lanarkshire/Kirkshaws
Ladywell Primary,https://scotcrestschools.co.uk/index.php?route=product/category&path=1_2_390
Langloan,https://scotcrestschools.co.uk/Find-Your-School/North-Lanarkshire/Langloan
Lawmuir Primary,https://scotcrestschools.co.uk/Find-Your-School/North-Lanarkshire/LAWMUIR
Mavisbank School,https://scotcrestschools.co.uk/Find-Your-School/North-Lanarkshire/Mavisbank-School
Mossend Primary,https://scotcrestschools.co.uk/Find-Your-School/North-Lanarkshire/Mossend%20Primary
New Monkland,https://scotcrestschools.co.uk/Find-Your-School/North-Lanarkshire/New-Monkland
New Stevenston Primary,https://scotcrestschools.co.uk/Find-Your-School/North-Lanarkshire/new%20stevenson
Noble Primary,https://scotcrestschools.co.uk/Find-Your-School/North-Lanarkshire/Noble-primary
Old Monkland,https://scotcrestschools.co.uk/Find-Your-School/North-Lanarkshire/Old-Monkland
Our Lady & St Josephs,https://scotcrestschools.co.uk/Find-Your-School/North-Lanarkshire/Our-Lady-and-St-Josephs
Our Ladys High Cumbernauld,https://scotcrestschools.co.uk/Find-Your-School/North-Lanarkshire/Our%20Ladys%20High%20Cumbernauld
Plains,https://scotcrestschools.co.uk/Find-Your-School/North-Lanarkshire/Plains
Ravenswood,https://scotcrestschools.co.uk/Find-Your-School/North-Lanarkshire/ravenswoode
Redburn Primary,https://scotcrestschools.co.uk/Find-Your-School/North-Lanarkshire/Redburn%20Primary
Redburn Secondary,https://scotcrestschools.co.uk/Find-Your-School/North-Lanarkshire/Redburn%20Secondary
Riverbank Primary,https://scotcrestschools.co.uk/Find-Your-School/North-Lanarkshire/Riverbank-Primary
Rochsolloch PS,https://scotcrestschools.co.uk/Find-Your-School/North-Lanarkshire/Rochsolloch-PS
Sacred Heart,https://scotcrestschools.co.uk/Find-Your-School/North-Lanarkshire/Sacred%20Heart
Shawhead Primary,https://scotcrestschools.co.uk/Find-Your-School/North-Lanarkshire/Shawhead
Sikeside,https://scotcrestschools.co.uk/Find-Your-School/North-Lanarkshire/Sikeside
St Aloysius,https://scotcrestschools.co.uk/Find-Your-School/North-Lanarkshire/St-Aloysuis
St Ambrose High,https://scotcrestschools.co.uk/Find-Your-School/North-Lanarkshire/St-Ambrose-High
St Andrews High,https://scotcrestschools.co.uk/Find-Your-School/North-Lanarkshire/St-Andrews-High
St Andrews Primary,https://scotcrestschools.co.uk/Find-Your-School/North-Lanarkshire/St-Andrews-Primary
St Augustines,https://scotcrestschools.co.uk/Find-Your-School/North-Lanarkshire/St-Augustines
St Bartholomews,https://scotcrestschools.co.uk/Find-Your-School/North-Lanarkshire/St-Bartholomews
St Bernards,https://scotcrestschools.co.uk/Find-Your-School/North-Lanarkshire/St-Bernards
St Davids,https://scotcrestschools.co.uk/Find-Your-School/North-Lanarkshire/St%20Davids
St Dominics,https://scotcrestschools.co.uk/Find-Your-School/North-Lanarkshire/St-Dominics
St Edwards,https://scotcrestschools.co.uk/Find-Your-School/North-Lanarkshire/St-Edwards
St Gerards Primary,https://scotcrestschools.co.uk/Find-Your-School/North-Lanarkshire/St%20Gerards%20Primary
St John Paul II,https://scotcrestschools.co.uk/index.php?route=product/category&path=1_2_396
St Kevins,https://scotcrestschools.co.uk/Find-Your-School/North-Lanarkshire/St-Kevins
St Margaret's High,https://scotcrestschools.co.uk/Find-Your-School/North-Lanarkshire/St-Margaret-s-High
St Mary's Caldercruix,https://scotcrestschools.co.uk/Find-Your-School/North-Lanarkshire/St-Marys-Caldercruix
St Marys Coatbridge,https://scotcrestschools.co.uk/Find-Your-School/North-Lanarkshire/St-Marys-Coatbridge
St Maurices High,https://scotcrestschools.co.uk/Find-Your-School/North-Lanarkshire/St-maurice
St Monica's,https://scotcrestschools.co.uk/Find-Your-School/North-Lanarkshire/St-Monicas
St Patrick's,https://scotcrestschools.co.uk/Find-Your-School/North-Lanarkshire/St-Patricks
St Patricks New Stevenson,https://scotcrestschools.co.uk/index.php?route=product/category&path=1_2_403
St Serfs,https://scotcrestschools.co.uk/Find-Your-School/North-Lanarkshire/St-Serfs
St Stephen's,https://scotcrestschools.co.uk/Find-Your-School/North-Lanarkshire/St-Stephens
St Timothy's,https://scotcrestschools.co.uk/Find-Your-School/North-Lanarkshire/St-Timothys
Taylor High,https://scotcrestschools.co.uk/Find-Your-School/North-Lanarkshire/Taylor%20High
Tollbrae,https://scotcrestschools.co.uk/Find-Your-School/North-Lanarkshire/Tollbrae-PS
Townhead,https://scotcrestschools.co.uk/Find-Your-School/North-Lanarkshire/Townhead
Victoria,https://scotcrestschools.co.uk/Find-Your-School/North-Lanarkshire/Victoria
Westfield,https://scotcrestschools.co.uk/index.php?route=product/category&path=1_2_425
Whitelees Primary,https://scotcrestschools.co.uk/Find-Your-School/North-Lanarkshire/whitelees-primary-school
Woodlands Primary,https://scotcrestschools.co.uk/index.php?route=product/category&path=1_2_413
Kilsyth Academy,https://scotcrestschools.co.uk/Find-Your-School/Glasgow/kilsyth
Whiteinch Primary,https://scotcrestschools.co.uk/Find-Your-School/Glasgow/Whiteinch%20Primary
Oakwood,https://scotcrestschools.co.uk/Find-Your-School/Glasgow/Oakwood
Auchinraith Primary,https://scotcrestschools.co.uk/Find-Your-School/South-Lanarkshire/Auchinraith%20Primary
Auldhouse Primary,https://scotcrestschools.co.uk/Find-Your-School/South-Lanarkshire/auldhouse%20primary
Beckford Primary,https://scotcrestschools.co.uk/Find-Your-School/South-Lanarkshire/Beckford%20Primary
Blackwood Primary,https://scotcrestschools.co.uk/Find-Your-School/South-Lanarkshire/blackwood%20pr
Bothwell Primary,https://scotcrestschools.co.uk/Find-Your-School/South-Lanarkshire/Bothwell%20Primary
Cairns Primary,https://scotcrestschools.co.uk/index.php?route=product/category&path=1_3_371
Calderside Academy,https://scotcrestschools.co.uk/index.php?route=product/category&path=1_3_383
Cathkin High,https://scotcrestschools.co.uk/Find-Your-School/South-Lanarkshire/Cathkin-High
Cathkin Primary,https://scotcrestschools.co.uk/Find-Your-School/South-Lanarkshire/Cathkin-Primary
Chapelton Primary,https://scotcrestschools.co.uk/index.php?route=product/category&path=1_3_372
Chatelherault Primary,https://scotcrestschools.co.uk/Find-Your-School/South-Lanarkshire/chatelherault
Coulter Primary School,https://scotcrestschools.co.uk/Find-Your-School/South-Lanarkshire/Coulter%20Primary%20School
Craigbank Primary Larkhall,https://scotcrestschools.co.uk/Find-Your-School/South-Lanarkshire/Craigbank%20Primary%20Larkhall
Crosshouse Primary,https://scotcrestschools.co.uk/index.php?route=product/category&path=1_3_373
Dalserf Primary,https://scotcrestschools.co.uk/Find-Your-School/South-Lanarkshire/Dalserf%20Primary
David Livingston Primary,https://scotcrestschools.co.uk/Find-Your-School/South-Lanarkshire/David%20Livingston%20Primary
Gilmourton Primary,https://scotcrestschools.co.uk/index.php?route=product/category&path=1_3_374
Glengowan Primary Larkhall,https://scotcrestschools.co.uk/Find-Your-School/South-Lanarkshire/Glengowan%20Primary%20Larkhall
Glenlee Primary,https://scotcrestschools.co.uk/Find-Your-School/South-Lanarkshire/glenlee
Hallside Primary,https://scotcrestschools.co.uk/Find-Your-School/South-Lanarkshire/Hallside
Hamilton Grammar,https://scotcrestschools.co.uk/index.php?route=product/category&path=1_3_385
Hareleeshill Primary,https://scotcrestschools.co.uk/Find-Your-School/South-Lanarkshire/Hareleeshill-Primary
Holy Cross High,https://scotcrestschools.co.uk/index.php?route=product/category&path=1_3_415
Kirklandpark Primary,https://scotcrestschools.co.uk/Find-Your-School/South-Lanarkshire/Kirklandpark%20Primary
Lamington Primary School,https://scotcrestschools.co.uk/Find-Your-School/South-Lanarkshire/Lamington%20Primary%20School
Larkhall Academy,https://scotcrestschools.co.uk/Find-Your-School/South-Lanarkshire/Larkhall%20Academy
Lesmahagow High,https://scotcrestschools.co.uk/Find-Your-School/South-Lanarkshire/Lesmahagow%20High
Machanhill Primary,https://scotcrestschools.co.uk/Find-Your-School/South-Lanarkshire/Machanhill%20Primary
Muiredge Primary,https://scotcrestschools.co.uk/Find-Your-School/South-Lanarkshire/Muiredge
Neilsland Primary,https://scotcrestschools.co.uk/index.php?route=product/category&path=1_3_397
Netherburn Primary,https://scotcrestschools.co.uk/Find-Your-School/South-Lanarkshire/Netherburn%20Primary
Newfield Primary,https://scotcrestschools.co.uk/Find-Your-School/South-Lanarkshire/Newfield%20Primary
Newton Farm Primary,https://scotcrestschools.co.uk/Find-Your-School/South-Lanarkshire/newton%20farm
Our Lady and St Annes,https://scotcrestschools.co.uk/index.php?route=product/category&path=1_3_416
Park View Primary,https://scotcrestschools.co.uk/index.php?route=product/category&path=1_3_377
Quarter Primary,https://scotcrestschools.co.uk/Find-Your-School/South-Lanarkshire/Quarter%20Primary
Robert Smillie Memorial,https://scotcrestschools.co.uk/Find-Your-School/South-Lanarkshire/Robert%20Smillie%20Memorial
Rutherglen High,https://scotcrestschools.co.uk/Find-Your-School/South-Lanarkshire/Rutherglen-high
St Blanes Primary,https://scotcrestschools.co.uk/Find-Your-School/South-Lanarkshire/St%20Blanes%20Primary
St Brides,https://scotcrestschools.co.uk/Find-Your-School/South-Lanarkshire/St%20Brides%20Bothwell
St Collumbkilles,https://scotcrestschools.co.uk/Find-Your-School/South-Lanarkshire/St%20Collumbkilles%20primary
St Cuthberts Primary,https://scotcrestschools.co.uk/index.php?route=product/category&path=1_3_503
St Elizabeths Primary,https://scotcrestschools.co.uk/Find-Your-School/South-Lanarkshire/ST-ELIZABETHS
St John Ogilvie High,https://scotcrestschools.co.uk/Find-Your-School/South-Lanarkshire/St%20John%20Ogilvie%20High
St Johns,https://scotcrestschools.co.uk/index.php?route=product/category&path=1_3_391
St Johns Blackwood,https://scotcrestschools.co.uk/Find-Your-School/South-Lanarkshire/St%20Johns%20Blackwood
St Josephs Primary,https://scotcrestschools.co.uk/Find-Your-School/South-Lanarkshire/St%20Josephs%20Primary
St Marks Hamilton,https://scotcrestschools.co.uk/Find-Your-School/South-Lanarkshire/St%20Marks%20Hamilton
St Marys Primary,https://scotcrestschools.co.uk/index.php?route=product/category&path=1_3_395
St Marys Primary Larkhall,https://scotcrestschools.co.uk/Find-Your-School/South-Lanarkshire/St%20Marys%20Primary%20Larkhall
St Ninians Primary,https://scotcrestschools.co.uk/index.php?route=product/category&path=1_3_406
St Paul's Primary,https://scotcrestschools.co.uk/Find-Your-School/South-Lanarkshire/St%20Paul's%20Primary
St Peters Primary,https://scotcrestschools.co.uk/Find-Your-School/South-Lanarkshire/st-peter
Stonehouse Primary,https://scotcrestschools.co.uk/Find-Your-School/South-Lanarkshire/Stonehouse%20Primary
Stonelaw High,https://scotcrestschools.co.uk/index.php?route=product/category&path=1_3_544
Strathaven Academy,https://scotcrestschools.co.uk/Find-Your-School/South-Lanarkshire/strathaven%20academy
Townhill Primary,https://scotcrestschools.co.uk/Find-Your-School/South-Lanarkshire/Townhill
Trinity High School,https://scotcrestschools.co.uk/Find-Your-School/South-Lanarkshire/Trinity-High-School
Uddingston Grammar,https://scotcrestschools.co.uk/Find-Your-School/South-Lanarkshire/Uddingston%20Grammar
Udston Primary,https://scotcrestschools.co.uk/Find-Your-School/South-Lanarkshire/Udston%20Primary
Walston Primary School,https://scotcrestschools.co.uk/Find-Your-School/South-Lanarkshire/Walston%20Primary%20School
Westeroverton Primary,https://scotcrestschools.co.uk/Find-Your-School/South-Lanarkshire/Westeroverton%20Primary
Woodhead Primary,https://scotcrestschools.co.uk/index.php?route=product/category&path=1_3_394
Woodside Primary,https://scotcrestschools.co.uk/index.php?route=product/category&path=1_3_392
Bridge of Allan Primary,https://scotcrestschools.co.uk/Find-Your-School/Stirling/Bridge%20of%20Allan%20Primary
Cornton Primary,https://scotcrestschools.co.uk/Find-Your-School/Stirling/Cornton-Primary
Dunblane Primary School,https://scotcrestschools.co.uk/Find-Your-School/Stirling/dunblane-primary
St Modan's High School,https://scotcrestschools.co.uk/Find-Your-School/Stirling/St%20Modans%20High%20School
St Patricks (Denny),https://scotcrestschools.co.uk/Find-Your-School/Stirling/St-Patricks-Denny
Wallace High,https://scotcrestschools.co.uk/index.php?route=product/category&path=1_5_441
Cambusbarron Primary,https://scotcrestschools.co.uk/Find-Your-School/Stirling/Cambusbarron-Primary
Musselburgh Grammar,https://scotcrestschools.co.uk/Find-Your-School/East-Lothian/Musselburgh%20Grammar
St Dominic’s RCPS,https://scotcrestschools.co.uk/Find-Your-School/Perthshire/St-Dominics-RCPS
Gartconner Primary,https://scotcrestschools.co.uk/Find-Your-School/East-Dunbartonshire/Gartconner-Primary
